{
    "Goalkeeper": {
        "recall": 0.9998832457676591,
        "precision": 0.9996498190731878,
        "f1-score": 0.999766518795237
    },
    "Sweeper": {
        "recall": 0.0,
        "precision": 0.0,
        "f1-score": 0.0
    },
    "Striker": {
        "recall": 0.8220574886535552,
        "precision": 0.9430406108989934,
        "f1-score": 0.878402845134174
    },
    "AttackingMidCentral": {
        "recall": 0.45094196766579075,
        "precision": 0.8264631458656436,
        "f1-score": 0.58350622406639
    },
    "AttackingMidLeft": {
        "recall": 0.44548364509352806,
        "precision": 0.7496843700025251,
        "f1-score": 0.5588705882352941
    },
    "AttackingMidRight": {
        "recall": 0.5223332076894082,
        "precision": 0.7568785416808903,
        "f1-score": 0.618103760698057
    },
    "DefenderCentral": {
        "recall": 0.8317929759704251,
        "precision": 0.9346589941775342,
        "f1-score": 0.8802308802308803
    },
    "DefenderLeft": {
        "recall": 0.6537214955434657,
        "precision": 0.8663803022167677,
        "f1-score": 0.7451756556160316
    },
    "DefenderRight": {
        "recall": 0.5084051271275478,
        "precision": 0.885777045579352,
        "f1-score": 0.6460182898337895
    },
    "DefensiveMidfielder": {
        "recall": 0.4996654239556448,
        "precision": 0.8695724505074031,
        "f1-score": 0.63465274405051
    },
    "MidfielderCentral": {
        "recall": 0.6420703575547866,
        "precision": 0.8493344013426403,
        "f1-score": 0.7313003924659671
    },
    "MidfielderLeft": {
        "recall": 0.3542386393834706,
        "precision": 0.7021332631024493,
        "f1-score": 0.4708999381789278
    },
    "MidfielderRight": {
        "recall": 0.23553104473912503,
        "precision": 0.6848648648648649,
        "f1-score": 0.350516414607156
    },
    "WingBackLeft": {
        "recall": 0.31769292820650713,
        "precision": 0.7377458632532001,
        "f1-score": 0.4441311906775679
    },
    "WingBackRight": {
        "recall": 0.13531799729364005,
        "precision": 0.7369196757553427,
        "f1-score": 0.22864982279638735
    }
}